{
    "description": "montreal_density",
    "classification_methods": [
        "equal_interval",
        "quantile",
        "mean_standard_deviation",
        "maximum_breaks",
        "head_tail",
        "jenks_caspall",
        "fisher_jenks",
        "max_p"
    ],
    "classification_methods_title": [
        "Equal interval",
        "Quantile",
        "Mean Standard Deviation",
        "Maximum breaks",
        "Head tail",
        "Jenks Caspall",
        "Fisher Jenks",
        "Max p"
    ],
    "key_prop": "popDen",
    "max": 12839.5,
    "min": 27.7,
    "origin_GVF":0,
    "origin_moran": 0.21,
    "data_list": [
        6142.0,
        4714.9,
        2652.2,
        5404.2,
        12839.5,
        3996.5,
        4977.8,
        2523.2,
        2513.5,
        910.3,
        7588.6,
        780.2,
        2090.8,
        3223.4,
        122.9,
        5547.3,
        4675.5,
        5800.4,
        3596.9,
        1665.6,
        27.7,
        5355.3,
        7781.3,
        8779.2,
        2309.1,
        1759.9,
        8718.3,
        5055.3,
        309.0,
        3123.8,
        2557.1,
        470.0,
        7137.0,
        633.9
    ],
    "equal_interval": [
        {
            "k": 2,
            "max": 12839.5,
            "min": 27.7,
            "breaks": [
                6433.599999999999
            ],
            "adcm": 53422.400000000016,
            "gadf": 0.3358512333814866,
            "GVF": 0.0,
            "moran": -1
        },
        {
            "k": 3,
            "max": 12839.5,
            "min": 27.7,
            "breaks": [
                4298.299999999999,
                8568.899999999998
            ],
            "adcm": 33751.0,
            "gadf": 0.5804066267681451,
            "GVF": 0.421495944062554,
            "moran": 0.52
        },
        {
            "k": 4,
            "max": 12839.5,
            "min": 27.7,
            "breaks": [
                3230.6499999999996,
                6433.599999999999,
                9636.55
            ],
            "adcm": 25133.0,
            "gadf": 0.6875458431028353,
            "GVF": 0.6444067100819812,
            "moran": 0.46
        },
        {
            "k": 5,
            "max": 12839.5,
            "min": 27.7,
            "breaks": [
                2590.0599999999995,
                5152.419999999999,
                7714.779999999999,
                10277.14
            ],
            "adcm": 24551.1,
            "gadf": 0.6947800401305861,
            "GVF": 0.785163416715653,
            "moran": 0.57
        },
        {
            "k": 6,
            "max": 12839.5,
            "min": 27.7,
            "breaks": [
                2162.9999999999995,
                4298.299999999999,
                6433.5999999999985,
                8568.9,
                10704.199999999999
            ],
            "adcm": 13856.600000000002,
            "gadf": 0.8277343623737217,
            "GVF": 0.898188976195395,
            "moran": 0.54
        },
        {
            "k": 7,
            "max": 12839.5,
            "min": 27.7,
            "breaks": [
                1857.9571428571428,
                3688.2142857142853,
                5518.471428571428,
                7348.72857142857,
                9178.985714285713,
                11009.242857142855
            ],
            "adcm": 13832.899999999998,
            "gadf": 0.8280290014346561,
            "GVF": 0.9084010963101427,
            "moran": 0.52
        }
    ],
    "quantile": [
        {
            "k": 2,
            "max": 12839.5,
            "min": 27.7,
            "breaks": [
                3410.15
            ],
            "adcm": 43083.399999999994,
            "gadf": 0.4643859697106074,
            "GVF": 0.0,
            "moran": 0.61
        },
        {
            "k": 3,
            "max": 12839.5,
            "min": 27.7,
            "breaks": [
                2513.5,
                5055.300000000001
            ],
            "adcm": 35703.5,
            "gadf": 0.5561330923177528,
            "GVF": 0.635071765555942,
            "moran": 0.6
        },
        {
            "k": 4,
            "max": 12839.5,
            "min": 27.7,
            "breaks": [
                1842.6250000000002,
                3410.15,
                5511.525000000001
            ],
            "adcm": 23606.7,
            "gadf": 0.7065208472675646,
            "GVF": 0.7897508003686724,
            "moran": 0.64
        },
        {
            "k": 5,
            "max": 12839.5,
            "min": 27.7,
            "breaks": [
                1363.4800000000002,
                2576.12,
                4707.02,
                5937.040000000001
            ],
            "adcm": 18685.1,
            "gadf": 0.7677063157188074,
            "GVF": 0.8524161887584425,
            "moran": 0.65
        },
        {
            "k": 6,
            "max": 12839.5,
            "min": 27.7,
            "breaks": [
                845.2500000000001,
                2513.5,
                3410.15,
                5055.300000000001,
                6639.500000000004
            ],
            "adcm": 16761.1,
            "gadf": 0.7916255373744054,
            "GVF": 0.894600884984349,
            "moran": 0.59
        },
        {
            "k": 7,
            "max": 12839.5,
            "min": 27.7,
            "breaks": [
                738.4000000000002,
                2184.357142857143,
                2719.571428571429,
                4578.500000000003,
                5383.242857142857,
                7266.028571428573
            ],
            "adcm": 14342.900000000001,
            "gadf": 0.8216886672120183,
            "GVF": 0.9119791046856364,
            "moran": 0.62
        }
    ],
    "mean_standard_deviation": [
        {
            "max": 12839.5,
            "min": 27.7,
            "breaks": [
                -1958.3084740977679,
                1017.6487041275868,
                6969.563060578296,
                9945.52023880365
            ],
            "k": 5,
            "adcm": 31887.299999999996,
            "gadf": 0.6035761971421255,
            "GVF": 0.8435610607024739,
            "moran": 0.3
        }
    ],
    "maximum_breaks": [
        {
            "k": 2,
            "max": 12839.5,
            "min": 27.7,
            "breaks": [
                10809.35
            ],
            "adcm": 70821.30000000002,
            "gadf": 0.11954762336922864,
            "GVF": 0.0,
            "moran": -1
        },
        {
            "k": 3,
            "max": 12839.5,
            "min": 27.7,
            "breaks": [
                6639.5,
                10809.35
            ],
            "adcm": 48364.20000000002,
            "gadf": 0.39873491684216533,
            "GVF": 0.27585518740812237,
            "moran": -1
        },
        {
            "k": 4,
            "max": 12839.5,
            "min": 27.7,
            "breaks": [
                6639.5,
                8249.8,
                10809.35
            ],
            "adcm": 46297.50000000002,
            "gadf": 0.42442818887731304,
            "GVF": 0.45966815575917197,
            "moran": -1
        },
        {
            "k": 5,
            "max": 12839.5,
            "min": 27.7,
            "breaks": [
                1287.9499999999998,
                6639.5,
                8249.8,
                10809.35
            ],
            "adcm": 29820.6,
            "gadf": 0.6292694691772733,
            "GVF": 0.6507858727173896,
            "moran": 0.28
        },
        {
            "k": 6,
            "max": 12839.5,
            "min": 27.7,
            "breaks": [
                1287.9499999999998,
                4336.0,
                6639.5,
                8249.8,
                10809.35
            ],
            "adcm": 12328.2,
            "gadf": 0.8467354737970149,