{
    "description": "state_education",
    "classification_methods": [
        "equal_interval",
        "quantile",
        "mean_standard_deviation",
        "maximum_breaks",
        "head_tail",
        "jenks_caspall",
        "fisher_jenks",
        "max_p"
    ],
    "classification_methods_title": [
        "Equal interval",
        "Quantile",
        "Mean Standard Deviation",
        "Maximum breaks",
        "Head tail",
        "Jenks Caspall",
        "Fisher Jenks",
        "Max p"
    ],
    "key_prop": "higher_education_rate",
    "max": 0.37,
    "min": 0.11,
    "origin_GVF":0,
    "origin_moran": 0.21,
    "data_list": [
        0.11,
        0.16,
        0.2,
        0.21,
        0.23,
        0.19,
        0.14,
        0.21,
        0.18,
        0.2,
        0.22,
        0.18,
        0.13,
        0.19,
        0.23,
        0.17,
        0.19,
        0.18,
        0.18,
        0.2,
        0.13,
        0.18,
        0.14,
        0.17,
        0.16,
        0.16,
        0.24,
        0.15,
        0.13,
        0.16,
        0.14,
        0.18,
        0.16,
        0.14,
        0.18,
        0.21,
        0.13,
        0.16,
        0.16,
        0.12,
        0.11,
        0.17,
        0.17,
        0.17,
        0.15,
        0.16,
        0.15,
        0.26,
        0.22,
        0.37,
        0.16,
        0.15
    ],
    "equal_interval": [
        {
            "k": 2,
            "max": 0.37,
            "min": 0.11,
            "breaks": [
                0.24
            ],
            "adcm": 1.3600000000000003,
            "gadf": 0.11688311688311659,
            "GVF": 0.0,
            "moran": -1
        },
        {
            "k": 3,
            "max": 0.37,
            "min": 0.11,
            "breaks": [
                0.19666666666666666,
                0.2833333333333333
            ],
            "adcm": 0.8300000000000003,
            "gadf": 0.4610389610389608,
            "GVF": 0.4046031390952692,
            "moran": 0.27
        },
        {
            "k": 4,
            "max": 0.37,
            "min": 0.11,
            "breaks": [
                0.175,
                0.24,
                0.305
            ],
            "adcm": 0.76,
            "gadf": 0.5064935064935064,
            "GVF": 0.5379521822484152,
            "moran": 0.35
        },
        {
            "k": 5,
            "max": 0.37,
            "min": 0.11,
            "breaks": [
                0.162,
                0.21400000000000002,
                0.266,
                0.31800000000000006
            ],
            "adcm": 0.6099999999999999,
            "gadf": 0.6038961038961039,
            "GVF": 0.6740153374508905,
            "moran": 0.33
        },
        {
            "k": 6,
            "max": 0.37,
            "min": 0.11,
            "breaks": [
                0.15333333333333332,
                0.19666666666666666,
                0.24,
                0.2833333333333333,
                0.32666666666666666
            ],
            "adcm": 0.4999999999999999,
            "gadf": 0.6753246753246753,
            "GVF": 0.796426355961917,
            "moran": 0.3
        },
        {
            "k": 7,
            "max": 0.37,
            "min": 0.11,
            "breaks": [
                0.14714285714285713,
                0.18428571428571427,
                0.22142857142857142,
                0.25857142857142856,
                0.2957142857142857,
                0.33285714285714285
            ],
            "adcm": 0.43000000000000005,
            "gadf": 0.7207792207792207,
            "GVF": 0.8336114196418428,
            "moran": 0.3
        }
    ],
    "quantile": [
        {
            "k": 2,
            "max": 0.37,
            "min": 0.11,
            "breaks": [
                0.17
            ],
            "adcm": 0.99,
            "gadf": 0.3571428571428571,
            "GVF": 0.0,
            "moran": 0.35
        },
        {
            "k": 3,
            "max": 0.37,
            "min": 0.11,
            "breaks": [
                0.16,
                0.18
            ],
            "adcm": 0.7599999999999998,
            "gadf": 0.5064935064935066,
            "GVF": 0.5083075017228824,
            "moran": 0.33
        },
        {
            "k": 4,
            "max": 0.37,
            "min": 0.11,
            "breaks": [
                0.15,
                0.17,
                0.1925
            ],
            "adcm": 0.56,
            "gadf": 0.6363636363636362,
            "GVF": 0.6670955039512367,
            "moran": 0.34
        },
        {
            "k": 5,
            "max": 0.37,
            "min": 0.11,
            "breaks": [
                0.14200000000000002,
                0.16,
                0.18,
                0.2
            ],
            "adcm": 0.47000000000000003,
            "gadf": 0.6948051948051948,
            "GVF": 0.7076123434243023,
            "moran": 0.36
        },
        {
            "k": 6,
            "max": 0.37,
            "min": 0.11,
            "breaks": [
                0.14,
                0.16,
                0.17,
                0.18,
                0.21
            ],
            "adcm": 0.39,
            "gadf": 0.7467532467532467,
            "GVF": 0.7428163012109933,
            "moran": 0.38
        },
        {
            "k": 7,
            "max": 0.37,
            "min": 0.11,
            "breaks": [
                0.14,
                0.15571428571428575,
                0.16,
                0.18,
                0.19,
                0.21
            ],
            "adcm": 0.3699999999999999,
            "gadf": 0.7597402597402598,
            "GVF": 0.747081556143778,
            "moran": 0.33
        }
    ],
    "mean_standard_deviation": [
        {
            "max": 0.37,
            "min": 0.11,
            "breaks": [
                0.0894187226270649,
                0.13259397669814785,
                0.21894448484031373,
                0.26211973891139667
            ],
            "k": 5,
            "adcm": 0.7400000000000002,
            "gadf": 0.5194805194805192,
            "GVF": 0.8200216740573013,
            "moran": 0.27
        }
    ],
    "maximum_breaks": [
        {
            "k": 2,
            "max": 0.37,
            "min": 0.11,
            "breaks": [
                0.315
            ],
            "adcm": 1.3400000000000005,
            "gadf": 0.12987012987012947,
            "GVF": 0.0,
            "moran": -1
        },
        {
            "k": 3,
            "max": 0.37,
            "min": 0.11,
            "breaks": [
                0.25,
                0.315
            ],
            "adcm": 1.2500000000000004,
            "gadf": 0.18831168831168787,
            "GVF": 0.4046031390952692,
            "moran": -1
        },
        {
            "k": 4,
            "max": 0.37,
            "min": 0.11,
            "breaks": [
                0.135,
                0.25,
                0.315
            ],
            "adcm": 0.9700000000000002,
            "gadf": 0.37012987012987,
            "GVF": 0.48776276397766816,
            "moran": 0.17
        },
        {
            "k": 5,
            "max": 0.37,
            "min": 0.11,
            "breaks": [
                0.135,
                0.165,
                0.25,
                0.315
            ],
            "adcm": 0.6200000000000001,
            "gadf": 0.5974025974025973,
            "GVF": 0.8167866871645495,
            "moran": 0.29
        },
        {
            "k": 6,
            "max": 0.37,
            "min": 0.11,
            "breaks": [
                0.135,
                0.155,
                0.165,
                0.25,
                0.315
            ],
            "adcm": 0.54,
            "gadf": 0.6493506493506493,
            "GVF": 0.8547590150227904,
            "moran": 0.25
        },
        {
            "k": 7,