{
    "description": "state_shipment",
    "classification_methods": [
        "equal_interval",
        "quantile",
        "mean_standard_deviation",
        "maximum_breaks",
        "head_tail",
        "jenks_caspall",
        "fisher_jenks",
        "max_p"
    ],
    "classification_methods_title": [
        "Equal interval",
        "Quantile",
        "Mean Standard Deviation",
        "Maximum breaks",
        "Head tail",
        "Jenks Caspall",
        "Fisher Jenks",
        "Max p"
    ],
    "key_prop": "shipment",
    "max": 923.7,
    "min": 0,
    "origin_GVF":0.37,
    "origin_moran": 0.33,
    "data_list": [
        8.0,
        13.5,
        0.0,
        127.7,
        92.0,
        111.3,
        923.7,
        93.2,
        82.5,
        3.7,
        20.3,
        297.0,
        270.7,
        115.4,
        28.5,
        442.1,
        291.5,
        95.3,
        189.4,
        139.8,
        200.8,
        121.4,
        32.4,
        388.6,
        166.4,
        185.4,
        94.9,
        12.4,
        293.6,
        18.9,
        61.8,
        31.2,
        286.6,
        14.9,
        40.8,
        318.8,
        494.3,
        77.6,
        102.6,
        354.4,
        0.0,
        143.2,
        26.4,
        286.6,
        589.1,
        61.5,
        164.6,
        16.2,
        177.4,
        217.5,
        38.5,
        12.1,
        0.0
    ],
    "equal_interval": [
        {
            "k": 2,
            "max": 923.7,
            "min": 0.0,
            "breaks": [
                461.85
            ],
            "adcm": 5036.2,
            "gadf": 0.20322116221304598,
            "GVF": 0.0,
            "moran": -1
        },
        {
            "k": 3,
            "max": 923.7,
            "min": 0.0,
            "breaks": [
                307.90000000000003,
                615.8000000000001
            ],
            "adcm": 3942.8,
            "gadf": 0.3762083313557042,
            "GVF": 0.37181887725113427,
            "moran": -1
        },
        {
            "k": 4,
            "max": 923.7,
            "min": 0.0,
            "breaks": [
                230.925,
                461.85,
                692.7750000000001
            ],
            "adcm": 2724.0000000000005,
            "gadf": 0.5690350752290094,
            "GVF": 0.5772408074366493,
            "moran": -1
        },
        {
            "k": 5,
            "max": 923.7,
            "min": 0.0,
            "breaks": [
                184.74,
                369.48,
                554.22,
                738.96
            ],
            "adcm": 2308.0,
            "gadf": 0.6348505703482209,
            "GVF": 0.6849551236581316,
            "moran": -1
        },
        {
            "k": 6,
            "max": 923.7,
            "min": 0.0,
            "breaks": [
                153.95000000000002,
                307.90000000000003,
                461.85,
                615.8000000000001,
                769.7500000000001
            ],
            "adcm": 2216.8,
            "gadf": 0.6492793519705096,
            "GVF": 0.7444361267979266,
            "moran": -1
        },
        {
            "k": 7,
            "max": 923.7,
            "min": 0.0,
            "breaks": [
                131.95714285714286,
                263.9142857142857,
                395.87142857142857,
                527.8285714285714,
                659.7857142857142,
                791.742857142857
            ],
            "adcm": 1565.1000000000001,
            "gadf": 0.7523850206464473,
            "GVF": 0.8866116977133328,
            "moran": -1
        }
    ],
    "quantile": [
        {
            "k": 2,
            "max": 923.7,
            "min": 0.0,
            "breaks": [
                102.6
            ],
            "adcm": 3934.6,
            "gadf": 0.3775056560191118,
            "GVF": 0.0,
            "moran": 0.25
        },
        {
            "k": 3,
            "max": 923.7,
            "min": 0.0,
            "breaks": [
                47.700000000000045,
                173.73333333333338
            ],
            "adcm": 2615.3,
            "gadf": 0.5862325375353995,
            "GVF": 0.5919622622428236,
            "moran": 0.28
        },
        {
            "k": 4,
            "max": 923.7,
            "min": 0.0,
            "breaks": [
                28.5,
                102.6,
                217.5
            ],
            "adcm": 2241.1000000000004,
            "gadf": 0.6454348410777286,
            "GVF": 0.7025904604499328,
            "moran": 0.33
        },
        {
            "k": 5,
            "max": 923.7,
            "min": 0.0,
            "breaks": [
                19.46,
                81.52,
                140.48,
                286.6
            ],
            "adcm": 2071.0,
            "gadf": 0.6723464173271947,
            "GVF": 0.7448702231897932,
            "moran": 0.27
        },
        {
            "k": 6,
            "max": 923.7,
            "min": 0.0,
            "breaks": [
                15.766666666666667,
                47.700000000000045,
                102.6,
                173.73333333333338,
                292.20000000000005
            ],
            "adcm": 1918.9,
            "gadf": 0.6964102077301564,
            "GVF": 0.7815716278855575,
            "moran": 0.26
        },
        {
            "k": 7,
            "max": 923.7,
            "min": 0.0,
            "breaks": [
                14.100000000000001,
                32.22857142857143,
                92.34285714285714,
                125.90000000000003,
                191.02857142857147,
                295.5428571428572
            ],
            "adcm": 1700.2000000000003,
            "gadf": 0.7310108057651842,
            "GVF": 0.8058553447344814,
            "moran": 0.3
        }
    ],
    "mean_standard_deviation": [
        {
            "max": 923.7,
            "min": 0.0,
            "breaks": [
                -193.5381729385936,
                -17.745501563636424,
                333.8398411862779,
                509.6325125612351
            ],
            "k": 5,
            "adcm": 4232.7,
            "gadf": 0.33034315819450377,
            "GVF": 0.6828712141856783,
            "moran": -1
        }
    ],
    "maximum_breaks": [
        {
            "k": 2,
            "max": 923.7,
            "min": 0.0,
            "breaks": [
                756.4000000000001
            ],
            "adcm": 5499.599999999999,
            "gadf": 0.12990649769803986,
            "GVF": 0.0,
            "moran": -1
        },
        {
            "k": 3,
            "max": 923.7,
            "min": 0.0,
            "breaks": [
                541.7,
                756.4000000000001
            ],
            "adcm": 5005.800000000001,
            "gadf": 0.20803075608714205,
            "GVF": 0.37181887725113427,
            "moran": -1
        },
        {
            "k": 4,
            "max": 923.7,
            "min": 0.0,
            "breaks": [
                415.35,
                541.7,
                756.4000000000001
            ],
            "adcm": 4311.799999999999,
            "gadf": 0.3178287215023653,
            "GVF": 0.4979038871136799,
            "moran": -1
        },
        {
            "k": 5,
            "max": 923.7,
            "min": 0.0,
            "breaks": [
                244.1,
                415.35,
                541.7,
                756.4000000000001
            ],
            "adcm": 2532.9,
            "gadf": 0.5992690682993972,
            "GVF": 0.6420813060687068,
            "moran": -1
        },
        {
            "k": 6,
            "max": 923.7,
            "min": 0.0,
            "breaks": [
                244.1,
                415.35,
                468.20000000000005,
                541.7,
                756.4000000000001
            ],