{
    "description": "euro_gdp",
    "classification_methods": [
        "equal_interval",
        "quantile",
        "mean_standard_deviation",
        "maximum_breaks",
        "head_tail",
        "jenks_caspall",
        "fisher_jenks",
        "max_p"
    ],
    "classification_methods_title": [
        "Equal interval",
        "Quantile",
        "Mean Standard Deviation",
        "Maximum breaks",
        "Head tail",
        "Jenks Caspall",
        "Fisher Jenks",
        "Max p"
    ],
    "key_prop": "gdp_md_est",
    "max": 2918000.0,
    "min": 5352.0,
    "origin_GVF":0.79,
    "origin_moran": 0.42,
    "data_list": [
        329500.0,
        316700.0,
        29700.0,
        389300.0,
        265200.0,
        21810.0,
        93750.0,
        114100.0,
        1403000.0,
        2918000.0,
        203600.0,
        2128000.0,
        1977704.0,
        193500.0,
        82390.0,
        343000.0,
        196600.0,
        27410.0,
        188400.0,
        1823000.0,
        12710.0,
        5352.0,
        39370.0,
        63330.0,
        38860.0,
        6816.0,
        208627.0,
        672000.0,
        18780.0,
        10670.0,
        667900.0,
        276400.0,
        271400.0,
        80340.0,
        119500.0,
        59340.0,
        344300.0,
        339800.0
    ],
    "equal_interval": [
        {
            "k": 2,
            "max": 2918000.0,
            "min": 5352.0,
            "breaks": [
                1461676.0
            ],
            "adcm": 7030295.0,
            "gadf": 0.4930527708479069,
            "GVF": 0.0,
            "moran": 0.6
        },
        {
            "k": 3,
            "max": 2918000.0,
            "min": 5352.0,
            "breaks": [
                976234.6666666666,
                1947117.3333333333
            ],
            "adcm": 5861795.0,
            "gadf": 0.5773120853239311,
            "GVF": 0.6864537004355721,
            "moran": 0.41
        },
        {
            "k": 4,
            "max": 2918000.0,
            "min": 5352.0,
            "breaks": [
                733514.0,
                1461676.0,
                2189838.0
            ],
            "adcm": 4806499.0,
            "gadf": 0.6534083776040256,
            "GVF": 0.8571963086614087,
            "moran": 0.45
        },
        {
            "k": 5,
            "max": 2918000.0,
            "min": 5352.0,
            "breaks": [
                587881.6,
                1170411.2,
                1752940.7999999998,
                2335470.4
            ],
            "adcm": 3704299.0,
            "gadf": 0.7328868683318596,
            "GVF": 0.9404435889574231,
            "moran": 0.49
        },
        {
            "k": 6,
            "max": 2918000.0,
            "min": 5352.0,
            "breaks": [
                490793.3333333333,
                976234.6666666666,
                1461676.0,
                1947117.3333333333,
                2432558.6666666665
            ],
            "adcm": 3549595.0,
            "gadf": 0.7440424121801256,
            "GVF": 0.9424723754757891,
            "moran": 0.48
        },
        {
            "k": 7,
            "max": 2918000.0,
            "min": 5352.0,
            "breaks": [
                421444.5714285714,
                837537.1428571428,
                1253629.7142857143,
                1669722.2857142857,
                2085814.857142857,
                2501907.4285714286
            ],
            "adcm": 3554003.0,
            "gadf": 0.7437245559043786,
            "GVF": 0.9424336548413331,
            "moran": 0.52
        }
    ],
    "quantile": [
        {
            "k": 2,
            "max": 2918000.0,
            "min": 5352.0,
            "breaks": [
                195050.0
            ],
            "adcm": 10737919.0,
            "gadf": 0.22569987690280213,
            "GVF": 0.0,
            "moran": -1
        },
        {
            "k": 3,
            "max": 2918000.0,
            "min": 5352.0,
            "breaks": [
                81023.33333333333,
                303266.66666666674
            ],
            "adcm": 9724093.0,
            "gadf": 0.29880581079922464,
            "GVF": 0.4399887808879421,
            "moran": 0.38
        },
        {
            "k": 4,
            "max": 2918000.0,
            "min": 5352.0,
            "breaks": [
                44362.5,
                195050.0,
                342200.0
            ],
            "adcm": 8654499.0,
            "gadf": 0.3759331169247434,
            "GVF": 0.5638683390586858,
            "moran": 0.36
        },
        {
            "k": 5,
            "max": 2918000.0,
            "min": 5352.0,
            "breaks": [
                33364.0,
                110030.00000000003,
                266440.0,
                371300.00000000006
            ],
            "adcm": 6316693.0,
            "gadf": 0.5445098656949072,
            "GVF": 0.6893291387942702,
            "moran": 0.46
        },
        {
            "k": 6,
            "max": 2918000.0,
            "min": 5352.0,
            "breaks": [
                27791.666666666664,
                81023.33333333333,
                195050.0,
                303266.66666666674,
                621466.6666666684
            ],
            "adcm": 4926979.0,
            "gadf": 0.644720690648038,
            "GVF": 0.770543955700658,
            "moran": 0.45
        },
        {
            "k": 7,
            "max": 2918000.0,
            "min": 5352.0,
            "breaks": [
                23410.000000000004,
                61620.0,
                118728.57142857143,
                216708.85714285733,
                333914.28571428574,
                670828.5714285715
            ],
            "adcm": 3853373.0,
            "gadf": 0.7221372979029346,
            "GVF": 0.8323504075571563,
            "moran": 0.42
        }
    ],
    "mean_standard_deviation": [
        {
            "max": 2918000.0,
            "min": 5352.0,
            "breaks": [
                -941552.8355767265,
                -256563.7993673106,
                1113414.2730515213,
                1798403.309260937
            ],
            "k": 5,
            "adcm": 5746795.0,
            "gadf": 0.5856046152038992,
            "GVF": 0.902127806532917,
            "moran": 0.54
        }
    ],
    "maximum_breaks": [
        {
            "k": 2,
            "max": 2918000.0,
            "min": 5352.0,
            "breaks": [
                2523000.0
            ],
            "adcm": 11143403.0,
            "gadf": 0.19646084919976725,
            "GVF": 0.0,
            "moran": -1
        },
        {
            "k": 3,
            "max": 2918000.0,
            "min": 5352.0,
            "breaks": [
                1037500.0,
                2523000.0
            ],
            "adcm": 5381203.0,
            "gadf": 0.6119670724550064,
            "GVF": 0.3666597631879358,
            "moran": 0.31
        },
        {
            "k": 4,
            "max": 2918000.0,
            "min": 5352.0,
            "breaks": [
                1037500.0,
                1613000.0,
                2523000.0
            ],
            "adcm": 4806499.0,
            "gadf": 0.6534083776040256,
            "GVF": 0.8571963086614087,
            "moran": 0.45
        },
        {
            "k": 5,
            "max": 2918000.0,
            "min": 5352.0,
            "breaks": [
                528600.0,
                1037500.0,
                1613000.0,
                2523000.0
            ],
            "adcm": 3704299.0,
            "gadf": 0.7328868683318596,
            "GVF": 0.9404435889574231,
            "moran": 0.49
        },
        {
            "k": 6,
            "max": 2918000.0,
            "min": 5352.0,