{
    "description": "chicago_income",
    "classification_methods": [
        "equal_interval",
        "quantile",
        "mean_standard_deviation",
        "maximum_breaks",
        "head_tail",
        "jenks_caspall",
        "fisher_jenks",
        "max_p"
    ],
    "classification_methods_title": [
        "Equal interval",
        "Quantile",
        "Mean Standard Deviation",
        "Maximum breaks",
        "Head tail",
        "Jenks Caspall",
        "Fisher Jenks",
        "Max p"
    ],
    "key_prop": "income_pc",
    "max": 88669.0,
    "min": 8201.0,
    "origin_GVF":0.83,
    "origin_moran": 0.58,
    "data_list": [
        23791.0,
        19252.0,
        10432.0,
        23472.0,
        35911.0,
        37524.0,
        13785.0,
        39056.0,
        18672.0,
        23939.0,
        27751.0,
        44164.0,
        26576.0,
        21323.0,
        24336.0,
        27249.0,
        26282.0,
        22014.0,
        15461.0,
        23040.0,
        15089.0,
        20039.0,
        31908.0,
        13781.0,
        43198.0,
        15957.0,
        10934.0,
        12961.0,
        44689.0,
        12034.0,
        35787.0,
        10402.0,
        16444.0,
        59077.0,
        16148.0,
        32875.0,
        88669.0,
        65526.0,
        19398.0,
        18881.0,
        24454.0,
        16579.0,
        12515.0,
        28887.0,
        17949.0,
        57123.0,
        20588.0,
        14685.0,
        17104.0,
        16563.0,
        8201.0,
        22677.0,
        26353.0,
        16134.0,
        13089.0,
        16954.0,
        60058.0,
        22694.0,
        12765.0,
        15754.0,
        12171.0,
        25113.0,
        16907.0,
        13231.0,
        11317.0,
        11888.0,
        17285.0,
        71551.0,
        23482.0,
        15528.0,
        39523.0,
        19713.0,
        34381.0,
        27149.0,
        25828.0,
        33385.0,
        40959.0
    ],
    "equal_interval": [
        {
            "k": 2,
            "max": 88669.0,
            "min": 8201.0,
            "breaks": [
                48435.0
            ],
            "adcm": 563635.0,
            "gadf": 0.29000794849476164,
            "GVF": 0.0,
            "moran": 0.41
        },
        {
            "k": 3,
            "max": 88669.0,
            "min": 8201.0,
            "breaks": [
                35023.66666666667,
                61846.33333333334
            ],
            "adcm": 428147.0,
            "gadf": 0.46067762492426256,
            "GVF": 0.43354581811459136,
            "moran": 0.47
        },
        {
            "k": 4,
            "max": 88669.0,
            "min": 8201.0,
            "breaks": [
                28318.0,
                48435.0,
                68552.0
            ],
            "adcm": 334072.0,
            "gadf": 0.5791807381896831,
            "GVF": 0.6575933906601507,
            "moran": 0.53
        },
        {
            "k": 5,
            "max": 88669.0,
            "min": 8201.0,
            "breaks": [
                24294.6,
                40388.2,
                56481.799999999996,
                72575.4
            ],
            "adcm": 271773.0,
            "gadf": 0.6576566930482792,
            "GVF": 0.7673749429171622,
            "moran": 0.53
        },
        {
            "k": 6,
            "max": 88669.0,
            "min": 8201.0,
            "breaks": [
                21612.333333333336,
                35023.66666666667,
                48435.00000000001,
                61846.33333333334,
                75257.66666666669
            ],
            "adcm": 199097.0,
            "gadf": 0.7492042057740587,
            "GVF": 0.8552170492246588,
            "moran": 0.53
        },
        {
            "k": 7,
            "max": 88669.0,
            "min": 8201.0,
            "breaks": [
                19696.428571428572,
                31191.857142857145,
                42687.28571428572,
                54182.71428571429,
                65678.14285714287,
                77173.57142857143
            ],
            "adcm": 164886.0,
            "gadf": 0.7922986517790898,
            "GVF": 0.8999485873155858,
            "moran": 0.6
        }
    ],
    "quantile": [
        {
            "k": 2,
            "max": 88669.0,
            "min": 8201.0,
            "breaks": [
                21323.0
            ],
            "adcm": 521898.0,
            "gadf": 0.3425826435610264,
            "GVF": 0.0,
            "moran": 0.34
        },
        {
            "k": 3,
            "max": 88669.0,
            "min": 8201.0,
            "breaks": [
                16688.333333333336,
                26130.66666666667
            ],
            "adcm": 408689.0,
            "gadf": 0.48518821304989157,
            "GVF": 0.5789513601905866,
            "moran": 0.44
        },
        {
            "k": 4,
            "max": 88669.0,
            "min": 8201.0,
            "breaks": [
                15754.0,
                21323.0,
                28887.0
            ],
            "adcm": 303178.0,
            "gadf": 0.6180968708627833,
            "GVF": 0.7115306258187882,
            "moran": 0.49
        },
        {
            "k": 5,
            "max": 88669.0,
            "min": 8201.0,
            "breaks": [
                14765.8,
                18238.2,
                23879.800000000003,
                34181.8
            ],
            "adcm": 270747.0,
            "gadf": 0.6589491107385298,
            "GVF": 0.7738768148363706,
            "moran": 0.53
        },
        {
            "k": 6,
            "max": 88669.0,
            "min": 8201.0,
            "breaks": [
                13597.666666666668,
                16688.333333333336,
                21323.0,
                26130.66666666667,
                36448.66666666668
            ],
            "adcm": 249045.0,
            "gadf": 0.6862863901866951,
            "GVF": 0.8189109008965578,
            "moran": 0.5
        },
        {
            "k": 7,
            "max": 88669.0,
            "min": 8201.0,
            "breaks": [
                13070.714285714286,
                16144.0,
                19093.0,
                23476.285714285717,
                27177.571428571428,
                39122.71428571429
            ],
            "adcm": 222103.0,
            "gadf": 0.7202243213862376,
            "GVF": 0.8507412902100018,
            "moran": 0.55
        }
    ],
    "mean_standard_deviation": [
        {
            "max": 88669.0,
            "min": 8201.0,
            "breaks": [
                -5023.027686391175,
                10270.070572388828,
                40856.26708994883,
                56149.36534872884
            ],
            "k": 5,
            "adcm": 462031.0,
            "gadf": 0.41799508982051015,
            "GVF": 0.7447375167601813,
            "moran": 0.47
        }
    ],
    "maximum_breaks": [
        {
            "k": 2,
            "max": 88669.0,
            "min": 8201.0,
            "breaks": [
                80110.0
            ],
            "adcm": 726515.0,
            "gadf": 0.08483349100157334,
            "GVF": 0.0,
            "moran": -1
        },
        {
            "k": 3,
            "max": 88669.0,
            "min": 8201.0,
            "breaks": [
                50906.0,
                80110.0
            ],
            "adcm": 535024.0,
            "gadf": 0.32604826285709965,
            "GVF": 0.2269925299121956,
            "moran": 0.38
        },
        {
            "k": 4,
            "max": 88669.0,
            "min": 8201.0,
            "breaks": [
                50906.0,
                68538.5,
                80110.0
            ],
            "adcm": 523531.0,
            "gadf": 0.34052560838736257,
            "GVF": 0.3519541556951988,
            "moran": 0.37
        },
        {
            "k": 5,
            "max": 88669.0,